-- phpMyAdmin SQL Dump
-- version 5.2.1
-- https://www.phpmyadmin.net/
--
-- Host: localhost:8889
-- Generation Time: Dec 04, 2025 at 02:21 AM
-- Server version: 8.0.40
-- PHP Version: 8.3.14

SET SQL_MODE = "NO_AUTO_VALUE_ON_ZERO";
START TRANSACTION;
SET time_zone = "+00:00";


/*!40101 SET @OLD_CHARACTER_SET_CLIENT=@@CHARACTER_SET_CLIENT */;
/*!40101 SET @OLD_CHARACTER_SET_RESULTS=@@CHARACTER_SET_RESULTS */;
/*!40101 SET @OLD_COLLATION_CONNECTION=@@COLLATION_CONNECTION */;
/*!40101 SET NAMES utf8mb4 */;

--
-- Database: `CalmCast`
--

DELIMITER $$
--
-- Procedures
--
CREATE DEFINER=`root`@`localhost` PROCEDURE `insert_demo_demo_users_data` ()   BEGIN
    DECLARE i INT DEFAULT 0;
    DECLARE d DATE;

    -- Loop for 30 days
    SET i = 0;
    WHILE i < 30 DO
        SET d = CURDATE() - INTERVAL i DAY;

        -- ===== User 18: sam_lowstress =====
        INSERT INTO fitbit_data (user_id, heart_rate, sleep_hours, steps, calories_burned, data_date, is_manual_edit)
        VALUES (18, FLOOR(60 + RAND()*15), FLOOR(7 + RAND()*2), FLOOR(8000 + RAND()*4000), FLOOR(1800 + RAND()*400), d, 0);

        INSERT INTO mood_entries (user_id, rating, notes, entry_date)
        VALUES (18, FLOOR(7 + RAND()*3), CONCAT('Demo mood for sam_lowstress on ', d), d);

        INSERT INTO stress_predictions (user_id, prediction, confidence, heart_rate, sleep_hours, steps, created_at)
        VALUES (18,
                'Low',
                ROUND(0.7 + RAND()*0.2,2),
                FLOOR(60 + RAND()*15),
                FLOOR(7 + RAND()*2),
                FLOOR(8000 + RAND()*4000),
                d);

        -- ===== User 19: jordan_variable =====
        INSERT INTO fitbit_data (user_id, heart_rate, sleep_hours, steps, calories_burned, data_date, is_manual_edit)
        VALUES (19, FLOOR(65 + RAND()*20), FLOOR(5 + RAND()*4), FLOOR(4000 + RAND()*8000), FLOOR(1500 + RAND()*700), d, 0);

        INSERT INTO mood_entries (user_id, rating, notes, entry_date)
        VALUES (19, FLOOR(4 + RAND()*5), CONCAT('Demo mood for jordan_variable on ', d), d);

        INSERT INTO stress_predictions (user_id, prediction, confidence, heart_rate, sleep_hours, steps, created_at)
        VALUES (19,
                IF(RAND()<0.5,'Low','High'),
                ROUND(0.6 + RAND()*0.3,2),
                FLOOR(65 + RAND()*20),
                FLOOR(5 + RAND()*4),
                FLOOR(4000 + RAND()*8000),
                d);

        -- ===== User 20: taylor_workstress =====
        INSERT INTO fitbit_data (user_id, heart_rate, sleep_hours, steps, calories_burned, data_date, is_manual_edit)
        VALUES (20, FLOOR(80 + RAND()*25), FLOOR(4 + RAND()*3), FLOOR(3000 + RAND()*7000), FLOOR(1500 + RAND()*700), d, 0);

        INSERT INTO mood_entries (user_id, rating, notes, entry_date)
        VALUES (20, FLOOR(2 + RAND()*4), CONCAT('Demo mood for taylor_workstress on ', d), d);

        INSERT INTO stress_predictions (user_id, prediction, confidence, heart_rate, sleep_hours, steps, created_at)
        VALUES (20,
                'High',
                ROUND(0.75 + RAND()*0.2,2),
                FLOOR(80 + RAND()*25),
                FLOOR(4 + RAND()*3),
                FLOOR(3000 + RAND()*7000),
                d);

        -- ===== User 21: casey_recovery =====
        INSERT INTO fitbit_data (user_id, heart_rate, sleep_hours, steps, calories_burned, data_date, is_manual_edit)
        VALUES (21, FLOOR(60 + RAND()*15), FLOOR(6 + RAND()*3), FLOOR(6000 + RAND()*5000), FLOOR(1600 + RAND()*400), d, 0);

        INSERT INTO mood_entries (user_id, rating, notes, entry_date)
        VALUES (21, FLOOR(6 + RAND()*4), CONCAT('Demo mood for casey_recovery on ', d), d);

        INSERT INTO stress_predictions (user_id, prediction, confidence, heart_rate, sleep_hours, steps, created_at)
        VALUES (21,
                'Low',
                ROUND(0.7 + RAND()*0.2,2),
                FLOOR(60 + RAND()*15),
                FLOOR(6 + RAND()*3),
                FLOOR(6000 + RAND()*5000),
                d);

        SET i = i + 1;
    END WHILE;

END$$

CREATE DEFINER=`root`@`localhost` PROCEDURE `insert_demo_fitbit_data` (IN `p_user_id` INT)   BEGIN
  DECLARE i INT DEFAULT 0;
  DECLARE v_date DATE;
  DECLARE v_hr INT;
  DECLARE v_sleep DECIMAL(3,1);
  DECLARE v_steps INT;
  DECLARE v_stress ENUM('Low','High');
  DECLARE v_conf DECIMAL(3,2);

  SET v_date = CURDATE() - INTERVAL 29 DAY;

  WHILE i < 30 DO
    -- Assign heart rate, sleep, steps, and stress prediction based on user profile
    IF p_user_id = 18 THEN -- Sam Low-Stress
      SET v_hr = FLOOR(60 + RAND()*20);
      SET v_sleep = ROUND(7 + RAND()*1.5,1);
      SET v_steps = FLOOR(7000 + RAND()*4000);
      SET v_stress = IF(RAND()<0.8,'Low','High');
    ELSEIF p_user_id = 19 THEN -- Jordan Variable
      SET v_hr = FLOOR(60 + RAND()*40);
      SET v_sleep = ROUND(5 + RAND()*4,1);
      SET v_steps = FLOOR(4000 + RAND()*8000);
      SET v_stress = IF(RAND()<0.5,'Low','High');
    ELSEIF p_user_id = 20 THEN -- Taylor Work-Stress
      SET v_hr = FLOOR(75 + RAND()*45);
      SET v_sleep = ROUND(4 + RAND()*2,1);
      SET v_steps = FLOOR(3000 + RAND()*7000);
      SET v_stress = IF(RAND()<0.8,'High','Low');
    ELSEIF p_user_id = 21 THEN -- Casey Recovery
      SET v_hr = FLOOR(65 + RAND()*25);
      SET v_sleep = ROUND(5 + RAND()*3,1);
      SET v_steps = FLOOR(4000 + RAND()*7000);
      -- Gradual trend: first 10 days High, then mix, last 10 days Low
      IF i < 10 THEN
        SET v_stress = 'High';
      ELSEIF i < 20 THEN
        SET v_stress = IF(RAND()<0.5,'High','Low');
      ELSE
        SET v_stress = 'Low';
      END IF;
    END IF;

    SET v_conf = ROUND(0.7 + RAND()*0.3,2);

    -- Insert fitbit_data
    INSERT INTO fitbit_data (user_id, heart_rate, sleep_hours, steps, calories_burned, data_date, is_manual_edit)
    VALUES (
      p_user_id,
      v_hr,
      v_sleep,
      v_steps,
      FLOOR(1500 + RAND()*1000),
      v_date,
      0
    );

    -- Insert mood_entries
    INSERT INTO mood_entries (user_id, rating, notes, entry_date)
    VALUES (
      p_user_id,
      CASE
        WHEN v_stress='Low' THEN FLOOR(7 + RAND()*3)
        WHEN v_stress='High' THEN FLOOR(3 + RAND()*4)
      END,
      CONCAT('Demo mood entry for ', v_date),
      v_date
    );

    -- Insert stress_predictions
    INSERT INTO stress_predictions (user_id, prediction, confidence, heart_rate, sleep_hours, steps, created_at)
    VALUES (
      p_user_id,
      v_stress,
      v_conf,
      v_hr,
      v_sleep,
      v_steps,
      v_date
    );

    SET v_date = v_date + INTERVAL 1 DAY;
    SET i = i + 1;
  END WHILE;
END$$

DELIMITER ;

-- --------------------------------------------------------

--
-- Table structure for table `fitbit_auth_sessions`
--

CREATE TABLE `fitbit_auth_sessions` (
  `id` int NOT NULL,
  `user_id` int NOT NULL,
  `state_token` varchar(100) NOT NULL,
  `created_at` datetime DEFAULT NULL,
  `expires_at` datetime NOT NULL
) ENGINE=InnoDB DEFAULT CHARSET=utf8mb4 COLLATE=utf8mb4_0900_ai_ci;

--
-- Dumping data for table `fitbit_auth_sessions`
--

INSERT INTO `fitbit_auth_sessions` (`id`, `user_id`, `state_token`, `created_at`, `expires_at`) VALUES
(1, 10, 'FQGBc52vN9TL8dm75szhGMxakwFlMLA-XEohPmb4jd8', '2025-11-15 22:28:27', '2025-11-15 17:38:27'),
(6, 12, 'MIbDVqhUg3vgLFfkAUoIDLpk07Bem-vGrh0jpzHAcvM', '2025-11-16 05:26:49', '2025-11-16 00:36:49'),
(7, 12, 'yVeH-B7oJBzp5QZOlKin4DQV4O1DNxev2geJkTk5GgY', '2025-11-16 05:27:14', '2025-11-16 00:37:14'),
(8, 15, 'FNClTuE5PdmbKZvuYYIqzcWDLaQt5qji0hCCXoMHXhs', '2025-11-30 02:18:32', '2025-11-29 21:28:32'),
(9, 15, 'eg9_AfXTxncQIbOr7IpM-pgnrvEkMUgQdPMTP9UGGHg', '2025-11-30 02:19:51', '2025-11-29 21:29:51'),
(10, 15, 'e5RhaqqqXG6-wYiK0haiMFjuZa-BWziAnSPvGzPXS1A', '2025-11-30 02:23:21', '2025-11-29 21:33:21'),
(11, 16, '-4a3Vq8b_UNMYOBaqpmqJBxJo1DU8n6cu-3I9J5qPAo', '2025-11-30 02:25:48', '2025-11-29 21:35:48'),
(12, 16, 'RKxX892E06HRcT9oyMKwKfObf8QPJ5pbBufyjZGg_Yo', '2025-11-30 02:26:01', '2025-11-29 21:36:01'),
(14, 11, '2lZ9jN-hU4z5N_zW2v-UY0GwYD-aFZp96HnasWvHR1Q', '2025-12-02 04:32:54', '2025-12-01 23:42:54'),
(16, 11, 'EVYP9bwjqRobW3etTQ6qOK6YkyxxEPiaucVSfgoXz6E', '2025-12-03 03:50:22', '2025-12-02 23:00:22'),
(17, 18, 'STATE_TOKEN_18', '2025-12-03 19:37:37', '2025-12-04 19:37:37'),
(18, 19, 'STATE_TOKEN_19', '2025-12-03 19:37:37', '2025-12-04 19:37:37'),
(19, 20, 'STATE_TOKEN_20', '2025-12-03 19:37:37', '2025-12-04 19:37:37'),
(20, 21, 'STATE_TOKEN_21', '2025-12-03 19:37:37', '2025-12-04 19:37:37'),
(21, 11, 'lb5fElMbd8v5QgXgvRC6Jv__qLyjXDhHqqvTbZiAMNE', '2025-12-04 01:19:37', '2025-12-03 20:29:37');

-- --------------------------------------------------------

--
-- Table structure for table `fitbit_connections`
--

CREATE TABLE `fitbit_connections` (
  `id` int NOT NULL,
  `user_id` int NOT NULL,
  `fitbit_user_id` varchar(100) NOT NULL,
  `access_token` text NOT NULL,
  `refresh_token` text NOT NULL,
  `token_expires_at` timestamp NOT NULL,
  `connected_at` timestamp NULL DEFAULT CURRENT_TIMESTAMP,
  `last_sync_at` timestamp NULL DEFAULT NULL
) ENGINE=InnoDB DEFAULT CHARSET=utf8mb3;

--
-- Dumping data for table `fitbit_connections`
--

INSERT INTO `fitbit_connections` (`id`, `user_id`, `fitbit_user_id`, `access_token`, `refresh_token`, `token_expires_at`, `connected_at`, `last_sync_at`) VALUES
(15, 16, 'CSMD22', 'eyJhbGciOiJIUzI1NiJ9.eyJhdWQiOiIyM1RLUkQiLCJzdWIiOiJDU01EMjIiLCJpc3MiOiJGaXRiaXQiLCJ0eXAiOiJhY2Nlc3NfdG9rZW4iLCJzY29wZXMiOiJyYWN0IHJociBycHJvIHJzbGUiLCJleHAiOjE3NjQ3NTY4NDcsImlhdCI6MTc2NDcyODA0N30.Tj0glGOR4wuIP23lypYGWJVl1Gp7vmjGbqLBKKdFC_0', 'ee84e06f456f62069cf57dda5ec1437d25c732fe1ba36fc45522cbccf62c1c28', '2025-12-03 10:14:08', '2025-12-03 02:14:08', '2025-12-03 02:14:08'),
(21, 18, 'DEMO_USER_18', 'demo_access_token_18', 'demo_refresh_token_18', '2025-12-11 02:14:59', '2025-12-04 02:14:59', '2025-12-04 02:14:59'),
(22, 19, 'DEMO_USER_19', 'demo_access_token_19', 'demo_refresh_token_19', '2025-12-11 02:14:59', '2025-12-04 02:14:59', '2025-12-04 02:14:59'),
(23, 20, 'DEMO_USER_20', 'demo_access_token_20', 'demo_refresh_token_20', '2025-12-11 02:14:59', '2025-12-04 02:14:59', '2025-12-04 02:14:59'),
(24, 21, 'DEMO_USER_21', 'demo_access_token_21', 'demo_refresh_token_21', '2025-12-11 02:14:59', '2025-12-04 02:14:59', '2025-12-04 02:14:59');

-- --------------------------------------------------------

--
-- Table structure for table `fitbit_data`
--

CREATE TABLE `fitbit_data` (
  `id` int NOT NULL,
  `user_id` int NOT NULL,
  `heart_rate` int DEFAULT NULL,
  `sleep_hours` decimal(3,1) DEFAULT NULL,
  `steps` int DEFAULT NULL,
  `calories_burned` int DEFAULT NULL,
  `data_date` date NOT NULL,
  `recorded_at` timestamp NULL DEFAULT CURRENT_TIMESTAMP,
  `is_manual_edit` tinyint(1) NOT NULL DEFAULT '0'
) ENGINE=InnoDB DEFAULT CHARSET=utf8mb3;

--
-- Dumping data for table `fitbit_data`
--

INSERT INTO `fitbit_data` (`id`, `user_id`, `heart_rate`, `sleep_hours`, `steps`, `calories_burned`, `data_date`, `recorded_at`, `is_manual_edit`) VALUES
(343, 18, 95, 4.1, 2900, 1620, '2025-11-04', '2025-12-04 02:05:18', 0),
(344, 19, 65, 7.9, 9400, 1980, '2025-11-04', '2025-12-04 02:05:18', 0),
(345, 20, 85, 5.6, 4800, 1780, '2025-11-04', '2025-12-04 02:05:18', 0),
(346, 21, 98, 3.9, 2300, 1560, '2025-11-04', '2025-12-04 02:05:18', 0),
(347, 18, 93, 4.3, 3100, 1640, '2025-11-05', '2025-12-04 02:05:18', 0),
(348, 19, 64, 8.1, 9800, 2020, '2025-11-05', '2025-12-04 02:05:18', 0),
(349, 20, 82, 5.8, 5100, 1810, '2025-11-05', '2025-12-04 02:05:18', 0),
(350, 21, 96, 4.0, 2500, 1580, '2025-11-05', '2025-12-04 02:05:18', 0),
(351, 18, 97, 4.0, 2700, 1600, '2025-11-06', '2025-12-04 02:05:18', 0),
(352, 19, 63, 8.3, 10200, 2060, '2025-11-06', '2025-12-04 02:05:18', 0),
(353, 20, 88, 5.4, 4600, 1760, '2025-11-06', '2025-12-04 02:05:18', 0),
(354, 21, 99, 3.8, 2100, 1540, '2025-11-06', '2025-12-04 02:05:18', 0),
(355, 18, 94, 4.5, 3300, 1660, '2025-11-07', '2025-12-04 02:05:18', 0),
(356, 19, 66, 7.7, 8900, 1940, '2025-11-07', '2025-12-04 02:05:18', 0),
(357, 20, 80, 6.1, 5400, 1840, '2025-11-07', '2025-12-04 02:05:18', 0),
(358, 21, 97, 4.2, 2700, 1600, '2025-11-07', '2025-12-04 02:05:18', 0),
(359, 18, 96, 4.2, 3000, 1630, '2025-11-08', '2025-12-04 02:05:18', 0),
(360, 19, 62, 8.5, 10600, 2100, '2025-11-08', '2025-12-04 02:05:18', 0),
(361, 20, 87, 5.5, 4700, 1770, '2025-11-08', '2025-12-04 02:05:18', 0),
(362, 21, 100, 3.7, 2000, 1520, '2025-11-08', '2025-12-04 02:05:18', 0),
(363, 18, 92, 4.6, 3500, 1680, '2025-11-09', '2025-12-04 02:05:18', 0),
(364, 19, 67, 8.0, 9500, 2000, '2025-11-09', '2025-12-04 02:05:18', 0),
(365, 20, 83, 5.9, 5200, 1820, '2025-11-09', '2025-12-04 02:05:18', 0),
(366, 21, 95, 4.3, 2900, 1620, '2025-11-09', '2025-12-04 02:05:18', 0),
(367, 18, 98, 3.9, 2600, 1590, '2025-11-10', '2025-12-04 02:05:18', 0),
(368, 19, 64, 8.2, 9900, 2040, '2025-11-10', '2025-12-04 02:05:18', 0),
(369, 20, 89, 5.3, 4500, 1750, '2025-11-10', '2025-12-04 02:05:18', 0),
(370, 21, 101, 3.6, 1900, 1500, '2025-11-10', '2025-12-04 02:05:18', 0),
(371, 18, 94, 4.4, 3200, 1650, '2025-11-11', '2025-12-04 02:05:18', 0),
(372, 19, 65, 7.8, 9200, 1960, '2025-11-11', '2025-12-04 02:05:18', 0),
(373, 20, 78, 6.4, 5800, 1880, '2025-11-11', '2025-12-04 02:05:18', 0),
(374, 21, 90, 5.0, 3500, 1700, '2025-11-11', '2025-12-04 02:05:18', 0),
(375, 18, 96, 4.1, 2800, 1610, '2025-11-12', '2025-12-04 02:05:18', 0),
(376, 19, 63, 8.4, 10400, 2080, '2025-11-12', '2025-12-04 02:05:18', 0),
(377, 20, 79, 6.3, 5600, 1860, '2025-11-12', '2025-12-04 02:05:18', 0),
(378, 21, 88, 5.3, 3800, 1740, '2025-11-12', '2025-12-04 02:05:18', 0),
(379, 18, 93, 4.7, 3600, 1690, '2025-11-13', '2025-12-04 02:05:18', 0),
(380, 19, 66, 7.6, 8800, 1920, '2025-11-13', '2025-12-04 02:05:18', 0),
(381, 20, 81, 6.0, 5300, 1830, '2025-11-13', '2025-12-04 02:05:18', 0),
(382, 21, 85, 5.6, 4200, 1800, '2025-11-13', '2025-12-04 02:05:18', 0),
(383, 18, 97, 3.8, 2400, 1570, '2025-11-14', '2025-12-04 02:05:18', 0),
(384, 19, 64, 8.6, 11000, 2140, '2025-11-14', '2025-12-04 02:05:18', 0),
(385, 20, 86, 5.2, 4400, 1740, '2025-11-14', '2025-12-04 02:05:18', 0),
(386, 21, 82, 6.2, 4800, 1860, '2025-11-14', '2025-12-04 02:05:18', 0),
(387, 18, 95, 4.3, 3100, 1640, '2025-11-15', '2025-12-04 02:05:18', 0),
(388, 19, 62, 8.7, 11200, 2180, '2025-11-15', '2025-12-04 02:05:18', 0),
(389, 20, 77, 6.8, 6200, 1920, '2025-11-15', '2025-12-04 02:05:18', 0),
(390, 21, 78, 6.8, 5500, 1940, '2025-11-15', '2025-12-04 02:05:18', 0),
(391, 18, 92, 4.8, 3700, 1710, '2025-11-16', '2025-12-04 02:05:18', 0),
(392, 19, 68, 7.5, 8600, 1900, '2025-11-16', '2025-12-04 02:05:18', 0),
(393, 20, 84, 5.7, 4900, 1790, '2025-11-16', '2025-12-04 02:05:18', 0),
(394, 21, 76, 7.0, 6000, 1980, '2025-11-16', '2025-12-04 02:05:18', 0),
(395, 18, 99, 3.7, 2200, 1550, '2025-11-17', '2025-12-04 02:05:18', 0),
(396, 19, 65, 7.9, 9300, 1980, '2025-11-17', '2025-12-04 02:05:18', 0),
(397, 20, 89, 5.1, 4300, 1730, '2025-11-17', '2025-12-04 02:05:18', 0),
(398, 21, 72, 7.4, 6800, 2060, '2025-11-17', '2025-12-04 02:05:18', 0),
(399, 18, 94, 4.5, 3400, 1670, '2025-11-18', '2025-12-04 02:05:18', 0),
(400, 19, 63, 8.5, 10500, 2120, '2025-11-18', '2025-12-04 02:05:18', 0),
(401, 20, 75, 7.2, 6700, 1960, '2025-11-18', '2025-12-04 02:05:18', 0),
(402, 21, 70, 7.8, 7200, 2100, '2025-11-18', '2025-12-04 02:05:18', 0),
(403, 18, 96, 4.0, 2900, 1620, '2025-11-19', '2025-12-04 02:05:18', 0),
(404, 19, 67, 7.4, 8400, 1880, '2025-11-19', '2025-12-04 02:05:18', 0),
(405, 20, 82, 6.2, 5500, 1850, '2025-11-19', '2025-12-04 02:05:18', 0),
(406, 21, 68, 8.0, 7800, 2160, '2025-11-19', '2025-12-04 02:05:18', 0),
(407, 18, 91, 4.9, 3800, 1720, '2025-11-20', '2025-12-04 02:05:18', 0),
(408, 19, 64, 8.8, 11400, 2200, '2025-11-20', '2025-12-04 02:05:18', 0),
(409, 20, 88, 5.4, 4600, 1760, '2025-11-20', '2025-12-04 02:05:18', 0),
(410, 21, 66, 8.3, 8200, 2220, '2025-11-20', '2025-12-04 02:05:18', 0),
(411, 18, 98, 3.6, 2100, 1530, '2025-11-21', '2025-12-04 02:05:18', 0),
(412, 19, 66, 7.3, 8200, 1860, '2025-11-21', '2025-12-04 02:05:18', 0),
(413, 20, 80, 6.5, 5900, 1890, '2025-11-21', '2025-12-04 02:05:18', 0),
(414, 21, 65, 8.5, 8600, 2280, '2025-11-21', '2025-12-04 02:05:18', 0),
(415, 18, 93, 4.6, 3500, 1680, '2025-11-22', '2025-12-04 02:05:18', 0),
(416, 19, 62, 8.9, 11600, 2240, '2025-11-22', '2025-12-04 02:05:18', 0),
(417, 20, 86, 5.6, 4800, 1780, '2025-11-22', '2025-12-04 02:05:18', 0),
(418, 21, 67, 8.2, 8000, 2200, '2025-11-22', '2025-12-04 02:05:18', 0),
(419, 18, 97, 3.8, 2300, 1560, '2025-11-23', '2025-12-04 02:05:18', 0),
(420, 19, 68, 7.2, 8000, 1840, '2025-11-23', '2025-12-04 02:05:18', 0),
(421, 20, 73, 7.5, 7100, 2000, '2025-11-23', '2025-12-04 02:05:18', 0),
(422, 21, 66, 8.6, 8800, 2300, '2025-11-23', '2025-12-04 02:05:18', 0),
(423, 18, 95, 4.2, 3200, 1650, '2025-11-24', '2025-12-04 02:05:18', 0),
(424, 19, 65, 8.1, 9700, 2020, '2025-11-24', '2025-12-04 02:05:18', 0),
(425, 20, 79, 6.7, 6100, 1910, '2025-11-24', '2025-12-04 02:05:18', 0),
(426, 21, 68, 8.0, 7800, 2160, '2025-11-24', '2025-12-04 02:05:18', 0),
(427, 18, 92, 4.7, 3600, 1690, '2025-11-25', '2025-12-04 02:05:18', 0),
(428, 19, 63, 8.4, 10400, 2080, '2025-11-25', '2025-12-04 02:05:18', 0),
(429, 20, 85, 5.8, 5000, 1800, '2025-11-25', '2025-12-04 02:05:18', 0),
(430, 21, 69, 7.9, 7600, 2140, '2025-11-25', '2025-12-04 02:05:18', 0),
(431, 18, 96, 4.1, 3000, 1630, '2025-11-26', '2025-12-04 02:05:18', 0),
(432, 19, 67, 7.7, 9000, 1940, '2025-11-26', '2025-12-04 02:05:18', 0),
(433, 20, 88, 5.3, 4500, 1750, '2025-11-26', '2025-12-04 02:05:18', 0),
(434, 21, 70, 7.7, 7400, 2120, '2025-11-26', '2025-12-04 02:05:18', 0),
(435, 18, 94, 4.4, 3300, 1660, '2025-11-27', '2025-12-04 02:05:18', 0),
(436, 19, 64, 8.2, 10000, 2060, '2025-11-27', '2025-12-04 02:05:18', 0),
(437, 20, 77, 7.0, 6500, 1950, '2025-11-27', '2025-12-04 02:05:18', 0),
(438, 21, 71, 7.6, 7000, 2080, '2025-11-27', '2025-12-04 02:05:18', 0),
(439, 18, 97, 3.9, 2700, 1600, '2025-11-28', '2025-12-04 02:05:18', 0),
(440, 19, 66, 7.8, 9100, 1960, '2025-11-28', '2025-12-04 02:05:18', 0),
(441, 20, 84, 6.1, 5400, 1840, '2025-11-28', '2025-12-04 02:05:18', 0),
(442, 21, 72, 7.5, 6800, 2060, '2025-11-28', '2025-12-04 02:05:18', 0),
(443, 18, 93, 4.8, 3700, 1710, '2025-11-29', '2025-12-04 02:05:18', 0),
(444, 19, 62, 8.6, 10800, 2160, '2025-11-29', '2025-12-04 02:05:18', 0),
(445, 20, 89, 5.5, 4700, 1770, '2025-11-29', '2025-12-04 02:05:18', 0),
(446, 21, 73, 7.4, 6600, 2040, '2025-11-29', '2025-12-04 02:05:18', 0),
(447, 18, 95, 4.3, 3100, 1640, '2025-11-30', '2025-12-04 02:05:18', 0),
(448, 19, 68, 7.5, 8500, 1900, '2025-11-30', '2025-12-04 02:05:18', 0),
(449, 20, 81, 6.4, 5800, 1880, '2025-11-30', '2025-12-04 02:05:18', 0),
(450, 21, 74, 7.3, 6400, 2020, '2025-11-30', '2025-12-04 02:05:18', 0),
(451, 18, 96, 4.0, 2900, 1620, '2025-12-01', '2025-12-04 02:05:18', 0),
(452, 19, 65, 8.0, 9600, 2000, '2025-12-01', '2025-12-04 02:05:18', 0),
(453, 20, 86, 5.7, 4900, 1790, '2025-12-01', '2025-12-04 02:05:18', 0),
(454, 21, 75, 7.2, 6200, 2000, '2025-12-01', '2025-12-04 02:05:18', 0),
(455, 18, 94, 4.5, 3400, 1670, '2025-12-02', '2025-12-04 02:05:18', 0),
(456, 19, 63, 8.3, 10300, 2100, '2025-12-02', '2025-12-04 02:05:18', 0),
(457, 20, 83, 5.9, 5200, 1820, '2025-12-02', '2025-12-04 02:05:18', 0),
(458, 21, 76, 7.1, 6000, 1980, '2025-12-02', '2025-12-04 02:05:18', 0),
(459, 18, 92, 4.6, 3500, 1680, '2025-12-03', '2025-12-04 02:05:18', 0),
(460, 19, 67, 7.9, 9400, 1980, '2025-12-03', '2025-12-04 02:05:18', 0),
(461, 20, 80, 6.2, 5500, 1850, '2025-12-03', '2025-12-04 02:05:18', 0),
(462, 21, 77, 7.0, 5800, 1960, '2025-12-03', '2025-12-04 02:05:18', 0);

-- --------------------------------------------------------

--
-- Table structure for table `mood_entries`
--

CREATE TABLE `mood_entries` (
  `id` int NOT NULL,
  `user_id` int NOT NULL,
  `rating` int NOT NULL,
  `notes` text,
  `created_at` timestamp NULL DEFAULT CURRENT_TIMESTAMP,
  `entry_date` date NOT NULL
) ;

--
-- Dumping data for table `mood_entries`
--

INSERT INTO `mood_entries` (`id`, `user_id`, `rating`, `notes`, `created_at`, `entry_date`) VALUES
(104, 16, 4, 'Mood check-in: 4/10', '2025-11-30 07:28:21', '2025-11-29'),
(105, 16, 5, 'Mood check-in: 5/10', '2025-12-02 08:10:03', '2025-12-01'),
(107, 16, 8, 'Mood check-in: 8/10', '2025-12-02 09:34:09', '2025-12-01'),
(108, 16, 8, 'Mood check-in: 8/10', '2025-12-03 23:42:22', '2025-12-03'),
(109, 18, 3, 'Very stressed - high workload', '2025-12-04 02:07:08', '2025-11-04'),
(110, 18, 4, 'Anxious about deadlines', '2025-12-04 02:07:08', '2025-11-05'),
(111, 18, 2, 'Burnout feeling', '2025-12-04 02:07:08', '2025-11-06'),
(112, 18, 5, 'Managing but overwhelmed', '2025-12-04 02:07:08', '2025-11-07'),
(113, 18, 3, 'High anxiety levels', '2025-12-04 02:07:08', '2025-11-08'),
(114, 18, 4, 'Work pressure building', '2025-12-04 02:07:08', '2025-11-09'),
(115, 18, 2, 'Very difficult day', '2025-12-04 02:07:08', '2025-11-10'),
(116, 18, 4, 'Stress affecting sleep', '2025-12-04 02:07:08', '2025-11-11'),
(117, 18, 3, 'Constant worry', '2025-12-04 02:07:08', '2025-11-12'),
(118, 18, 5, 'Brief relief, still stressed', '2025-12-04 02:07:08', '2025-11-13'),
(119, 18, 3, 'Tight deadlines', '2025-12-04 02:07:08', '2025-11-14'),
(120, 18, 4, 'Feeling drained', '2025-12-04 02:07:08', '2025-11-15'),
(121, 18, 2, 'Breaking point', '2025-12-04 02:07:08', '2025-11-16'),
(122, 18, 4, 'Managing crisis', '2025-12-04 02:07:08', '2025-11-17'),
(123, 18, 3, 'Chronic stress', '2025-12-04 02:07:08', '2025-11-18'),
(124, 18, 5, 'Small improvements', '2025-12-04 02:07:08', '2025-11-19'),
(125, 18, 3, 'Work-life imbalance', '2025-12-04 02:07:08', '2025-11-20'),
(126, 18, 4, 'High pressure continues', '2025-12-04 02:07:08', '2025-11-21'),
(127, 18, 3, 'Stress headaches', '2025-12-04 02:07:08', '2025-11-22'),
(128, 18, 2, 'Very low energy', '2025-12-04 02:07:08', '2025-11-23'),
(129, 18, 4, 'Pushing through', '2025-12-04 02:07:08', '2025-11-24'),
(130, 18, 3, 'Exhausted', '2025-12-04 02:07:08', '2025-11-25'),
(131, 18, 5, 'Weekend helps slightly', '2025-12-04 02:07:08', '2025-11-26'),
(132, 18, 4, 'Monday stress', '2025-12-04 02:07:08', '2025-11-27'),
(133, 18, 3, 'Overwhelmed again', '2025-12-04 02:07:08', '2025-11-28'),
(134, 18, 4, 'Busy schedule', '2025-12-04 02:07:08', '2025-11-29'),
(135, 18, 3, 'Deadline approaching', '2025-12-04 02:07:08', '2025-11-30'),
(136, 18, 2, 'Very stressed', '2025-12-04 02:07:08', '2025-12-01'),
(137, 18, 4, 'End of week exhaustion', '2025-12-04 02:07:08', '2025-12-02'),
(138, 18, 3, 'Need stress management', '2025-12-04 02:07:08', '2025-12-03'),
(139, 19, 9, 'Excellent start to day', '2025-12-04 02:07:08', '2025-11-04'),
(140, 19, 10, 'Perfect work-life balance', '2025-12-04 02:07:08', '2025-11-05'),
(141, 19, 8, 'Great energy levels', '2025-12-04 02:07:08', '2025-11-06'),
(142, 19, 9, 'Productive and happy', '2025-12-04 02:07:08', '2025-11-07'),
(143, 19, 10, 'Feeling amazing', '2025-12-04 02:07:08', '2025-11-08'),
(144, 19, 8, 'Good workout, good mood', '2025-12-04 02:07:08', '2025-11-09'),
(145, 19, 9, 'Well-rested and focused', '2025-12-04 02:07:08', '2025-11-10'),
(146, 19, 10, 'Perfect day', '2025-12-04 02:07:08', '2025-11-11'),
(147, 19, 8, 'Positive mindset', '2025-12-04 02:07:08', '2025-11-12'),
(148, 19, 9, 'Healthy habits paying off', '2025-12-04 02:07:08', '2025-11-13'),
(149, 19, 10, 'Peak performance', '2025-12-04 02:07:08', '2025-11-14'),
(150, 19, 8, 'Relaxed and content', '2025-12-04 02:07:08', '2025-11-15'),
(151, 19, 9, 'Great meditation session', '2025-12-04 02:07:08', '2025-11-16'),
(152, 19, 10, 'Excellent sleep quality', '2025-12-04 02:07:08', '2025-11-17'),
(153, 19, 8, 'Feeling strong', '2025-12-04 02:07:08', '2025-11-18'),
(154, 19, 9, 'Positive interactions', '2025-12-04 02:07:08', '2025-11-19'),
(155, 19, 10, 'Perfect balance achieved', '2025-12-04 02:07:08', '2025-11-20'),
(156, 19, 8, 'Good energy management', '2025-12-04 02:07:08', '2025-11-21'),
(157, 19, 9, 'Mindful and present', '2025-12-04 02:07:08', '2025-11-22'),
(158, 19, 10, 'Optimal wellness', '2025-12-04 02:07:08', '2025-11-23'),
(159, 19, 8, 'Consistent good mood', '2025-12-04 02:07:08', '2025-11-24'),
(160, 19, 9, 'Great productivity', '2025-12-04 02:07:08', '2025-11-25'),
(161, 19, 10, 'Excellent day', '2025-12-04 02:07:08', '2025-11-26'),
(162, 19, 8, 'Good stress management', '2025-12-04 02:07:08', '2025-11-27'),
(163, 19, 9, 'Happy and healthy', '2025-12-04 02:07:08', '2025-11-28'),
(164, 19, 10, 'Perfect wellness day', '2025-12-04 02:07:08', '2025-11-29'),
(165, 19, 8, 'Maintaining balance', '2025-12-04 02:07:08', '2025-11-30'),
(166, 19, 9, 'Positive outlook', '2025-12-04 02:07:08', '2025-12-01'),
(167, 19, 10, 'Feeling grateful', '2025-12-04 02:07:08', '2025-12-02'),
(168, 19, 8, 'Ending week strong', '2025-12-04 02:07:08', '2025-12-03'),
(169, 20, 4, 'Stressful work project', '2025-12-04 02:07:08', '2025-11-04'),
(170, 20, 6, 'Better after meeting', '2025-12-04 02:07:08', '2025-11-05'),
(171, 20, 3, 'Difficult client', '2025-12-04 02:07:08', '2025-11-06'),
(172, 20, 7, 'Weekend recovery', '2025-12-04 02:07:08', '2025-11-07'),
(173, 20, 8, 'Great social day', '2025-12-04 02:07:08', '2025-11-08'),
(174, 20, 5, 'Monday blues', '2025-12-04 02:07:08', '2025-11-09'),
(175, 20, 9, 'Excellent workout', '2025-12-04 02:07:08', '2025-11-10'),
(176, 20, 4, 'Work pressure', '2025-12-04 02:07:08', '2025-11-11'),
(177, 20, 7, 'Finding balance', '2025-12-04 02:07:08', '2025-11-12'),
(178, 20, 6, 'Mixed feelings', '2025-12-04 02:07:08', '2025-11-13'),
(179, 20, 9, 'Day off - relaxed', '2025-12-04 02:07:08', '2025-11-14'),
(180, 20, 4, 'Deadline stress', '2025-12-04 02:07:08', '2025-11-15'),
(181, 20, 7, 'Recovering well', '2025-12-04 02:07:08', '2025-11-16'),
(182, 20, 8, 'Good progress', '2025-12-04 02:07:08', '2025-11-17'),
(183, 20, 5, 'Some anxiety', '2025-12-04 02:07:08', '2025-11-18'),
(184, 20, 9, 'Perfect weekend', '2025-12-04 02:07:08', '2025-11-19'),
(185, 20, 6, 'Transition day', '2025-12-04 02:07:08', '2025-11-20'),
(186, 20, 7, 'Managing well', '2025-12-04 02:07:08', '2025-11-21'),
(187, 20, 8, 'Feeling improved', '2025-12-04 02:07:08', '2025-11-22'),
(188, 20, 5, 'Brief stress spike', '2025-12-04 02:07:08', '2025-11-23'),
(189, 20, 9, 'Excellent day', '2025-12-04 02:07:08', '2025-11-24'),
(190, 20, 7, 'Stable mood', '2025-12-04 02:07:08', '2025-11-25'),
(191, 20, 8, 'Positive changes', '2025-12-04 02:07:08', '2025-11-26'),
(192, 20, 6, 'Minor challenges', '2025-12-04 02:07:08', '2025-11-27'),
(193, 20, 9, 'Weekend joy', '2025-12-04 02:07:08', '2025-11-28'),
(194, 20, 7, 'Good recovery', '2025-12-04 02:07:08', '2025-11-29'),
(195, 20, 8, 'Improving habits', '2025-12-04 02:07:08', '2025-11-30'),
(196, 20, 9, 'Great mindset', '2025-12-04 02:07:08', '2025-12-01'),
(197, 20, 7, 'Managing workload', '2025-12-04 02:07:08', '2025-12-02'),
(198, 20, 8, 'Balanced end to week', '2025-12-04 02:07:08', '2025-12-03'),
(199, 21, 2, 'Burnout - very low', '2025-12-04 02:07:08', '2025-11-04'),
(200, 21, 3, 'Starting therapy', '2025-12-04 02:07:08', '2025-11-05'),
(201, 21, 2, 'Exhausted, no energy', '2025-12-04 02:07:08', '2025-11-06'),
(202, 21, 4, 'First good therapy session', '2025-12-04 02:07:08', '2025-11-07'),
(203, 21, 3, 'Still struggling', '2025-12-04 02:07:08', '2025-11-08'),
(204, 21, 5, 'First walk in weeks', '2025-12-04 02:07:08', '2025-11-09'),
(205, 21, 4, 'Baby steps', '2025-12-04 02:07:08', '2025-11-10'),
(206, 21, 6, 'Sleep improving', '2025-12-04 02:07:08', '2025-11-11'),
(207, 21, 5, 'Meditation helps', '2025-12-04 02:07:08', '2025-11-12'),
(208, 21, 7, 'Breakthrough day', '2025-12-04 02:07:08', '2025-11-13'),
(209, 21, 6, 'Maintaining progress', '2025-12-04 02:07:08', '2025-11-14'),
(210, 21, 8, 'First full night sleep', '2025-12-04 02:07:08', '2025-11-15'),
(211, 21, 7, 'Good energy return', '2025-12-04 02:07:08', '2025-11-16'),
(212, 21, 9, 'Excellent recovery day', '2025-12-04 02:07:08', '2025-11-17'),
(213, 21, 8, 'Feeling human again', '2025-12-04 02:07:08', '2025-11-18'),
(214, 21, 7, 'Minor setback, okay', '2025-12-04 02:07:08', '2025-11-19'),
(215, 21, 9, 'Back on track', '2025-12-04 02:07:08', '2025-11-20'),
(216, 21, 8, 'Establishing routine', '2025-12-04 02:07:08', '2025-11-21'),
(217, 21, 9, 'Nearly recovered', '2025-12-04 02:07:08', '2025-11-22'),
(218, 21, 8, 'Consistent improvement', '2025-12-04 02:07:08', '2025-11-23'),
(219, 21, 9, 'Good energy levels', '2025-12-04 02:07:08', '2025-11-24'),
(220, 21, 8, 'Healthy habits forming', '2025-12-04 02:07:08', '2025-11-25'),
(221, 21, 10, 'Perfect recovery day', '2025-12-04 02:07:08', '2025-11-26'),
(222, 21, 9, 'Maintaining wellness', '2025-12-04 02:07:08', '2025-11-27'),
(223, 21, 8, 'Good self-care day', '2025-12-04 02:07:08', '2025-11-28'),
(224, 21, 9, 'Sustainable patterns', '2025-12-04 02:07:08', '2025-11-29'),
(225, 21, 10, 'Mindset transformed', '2025-12-04 02:07:08', '2025-11-30'),
(226, 21, 9, 'Healthy and happy', '2025-12-04 02:07:08', '2025-12-01'),
(227, 21, 8, 'Minor stress, handled well', '2025-12-04 02:07:08', '2025-12-02'),
(228, 21, 9, 'Recovery complete!', '2025-12-04 02:07:08', '2025-12-03');

-- --------------------------------------------------------

--
-- Table structure for table `stress_predictions`
--

CREATE TABLE `stress_predictions` (
  `id` int NOT NULL,
  `user_id` int NOT NULL,
  `prediction` enum('Low','High') NOT NULL,
  `confidence` decimal(3,2) NOT NULL,
  `heart_rate` int NOT NULL,
  `sleep_hours` decimal(3,1) NOT NULL,
  `steps` int NOT NULL,
  `created_at` timestamp NULL DEFAULT CURRENT_TIMESTAMP
) ENGINE=InnoDB DEFAULT CHARSET=utf8mb3;

--
-- Dumping data for table `stress_predictions`
--

INSERT INTO `stress_predictions` (`id`, `user_id`, `prediction`, `confidence`, `heart_rate`, `sleep_hours`, `steps`, `created_at`) VALUES
(43, 18, 'High', 0.92, 95, 4.1, 2900, '2025-11-04 05:00:00'),
(44, 18, 'High', 0.92, 93, 4.3, 3100, '2025-11-05 05:00:00'),
(45, 18, 'High', 0.92, 97, 4.0, 2700, '2025-11-06 05:00:00'),
(46, 18, 'High', 0.92, 94, 4.5, 3300, '2025-11-07 05:00:00'),
(47, 18, 'High', 0.92, 96, 4.2, 3000, '2025-11-08 05:00:00'),
(48, 18, 'High', 0.92, 92, 4.6, 3500, '2025-11-09 05:00:00'),
(49, 18, 'High', 0.92, 98, 3.9, 2600, '2025-11-10 05:00:00'),
(50, 18, 'High', 0.92, 94, 4.4, 3200, '2025-11-11 05:00:00'),
(51, 18, 'High', 0.92, 96, 4.1, 2800, '2025-11-12 05:00:00'),
(52, 18, 'High', 0.92, 93, 4.7, 3600, '2025-11-13 05:00:00'),
(53, 18, 'High', 0.92, 97, 3.8, 2400, '2025-11-14 05:00:00'),
(54, 18, 'High', 0.92, 95, 4.3, 3100, '2025-11-15 05:00:00'),
(55, 18, 'High', 0.92, 92, 4.8, 3700, '2025-11-16 05:00:00'),
(56, 18, 'High', 0.92, 99, 3.7, 2200, '2025-11-17 05:00:00'),
(57, 18, 'High', 0.92, 94, 4.5, 3400, '2025-11-18 05:00:00'),
(58, 18, 'High', 0.92, 96, 4.0, 2900, '2025-11-19 05:00:00'),
(59, 18, 'High', 0.92, 91, 4.9, 3800, '2025-11-20 05:00:00'),
(60, 18, 'High', 0.92, 98, 3.6, 2100, '2025-11-21 05:00:00'),
(61, 18, 'High', 0.92, 93, 4.6, 3500, '2025-11-22 05:00:00'),
(62, 18, 'High', 0.92, 97, 3.8, 2300, '2025-11-23 05:00:00'),
(63, 18, 'High', 0.92, 95, 4.2, 3200, '2025-11-24 05:00:00'),
(64, 18, 'High', 0.92, 92, 4.7, 3600, '2025-11-25 05:00:00'),
(65, 18, 'High', 0.92, 96, 4.1, 3000, '2025-11-26 05:00:00'),
(66, 18, 'High', 0.92, 94, 4.4, 3300, '2025-11-27 05:00:00'),
(67, 18, 'High', 0.92, 97, 3.9, 2700, '2025-11-28 05:00:00'),
(68, 18, 'High', 0.92, 93, 4.8, 3700, '2025-11-29 05:00:00'),
(69, 18, 'High', 0.92, 95, 4.3, 3100, '2025-11-30 05:00:00'),
(70, 18, 'High', 0.92, 96, 4.0, 2900, '2025-12-01 05:00:00'),
(71, 18, 'High', 0.92, 94, 4.5, 3400, '2025-12-02 05:00:00'),
(72, 18, 'High', 0.92, 92, 4.6, 3500, '2025-12-03 05:00:00'),
(73, 19, 'Low', 0.95, 65, 7.9, 9400, '2025-11-04 05:00:00'),
(74, 19, 'Low', 0.95, 64, 8.1, 9800, '2025-11-05 05:00:00'),
(75, 19, 'Low', 0.95, 63, 8.3, 10200, '2025-11-06 05:00:00'),
(76, 19, 'Low', 0.95, 66, 7.7, 8900, '2025-11-07 05:00:00'),
(77, 19, 'Low', 0.95, 62, 8.5, 10600, '2025-11-08 05:00:00'),
(78, 19, 'Low', 0.95, 67, 8.0, 9500, '2025-11-09 05:00:00'),
(79, 19, 'Low', 0.95, 64, 8.2, 9900, '2025-11-10 05:00:00'),
(80, 19, 'Low', 0.95, 65, 7.8, 9200, '2025-11-11 05:00:00'),
(81, 19, 'Low', 0.95, 63, 8.4, 10400, '2025-11-12 05:00:00'),
(82, 19, 'Low', 0.95, 66, 7.6, 8800, '2025-11-13 05:00:00'),
(83, 19, 'Low', 0.95, 64, 8.6, 11000, '2025-11-14 05:00:00'),
(84, 19, 'Low', 0.95, 62, 8.7, 11200, '2025-11-15 05:00:00'),
(85, 19, 'Low', 0.95, 68, 7.5, 8600, '2025-11-16 05:00:00'),
(86, 19, 'Low', 0.95, 65, 7.9, 9300, '2025-11-17 05:00:00'),
(87, 19, 'Low', 0.95, 63, 8.5, 10500, '2025-11-18 05:00:00'),
(88, 19, 'Low', 0.95, 67, 7.4, 8400, '2025-11-19 05:00:00'),
(89, 19, 'Low', 0.95, 64, 8.8, 11400, '2025-11-20 05:00:00'),
(90, 19, 'Low', 0.95, 66, 7.3, 8200, '2025-11-21 05:00:00'),
(91, 19, 'Low', 0.95, 62, 8.9, 11600, '2025-11-22 05:00:00'),
(92, 19, 'Low', 0.95, 68, 7.2, 8000, '2025-11-23 05:00:00'),
(93, 19, 'Low', 0.95, 65, 8.1, 9700, '2025-11-24 05:00:00'),
(94, 19, 'Low', 0.95, 63, 8.4, 10400, '2025-11-25 05:00:00'),
(95, 19, 'Low', 0.95, 67, 7.7, 9000, '2025-11-26 05:00:00'),
(96, 19, 'Low', 0.95, 64, 8.2, 10000, '2025-11-27 05:00:00'),
(97, 19, 'Low', 0.95, 66, 7.8, 9100, '2025-11-28 05:00:00'),
(98, 19, 'Low', 0.95, 62, 8.6, 10800, '2025-11-29 05:00:00'),
(99, 19, 'Low', 0.95, 68, 7.5, 8500, '2025-11-30 05:00:00'),
(100, 19, 'Low', 0.95, 65, 8.0, 9600, '2025-12-01 05:00:00'),
(101, 19, 'Low', 0.95, 63, 8.3, 10300, '2025-12-02 05:00:00'),
(102, 19, 'Low', 0.95, 67, 7.9, 9400, '2025-12-03 05:00:00'),
(103, 20, 'High', 0.75, 85, 5.6, 4800, '2025-11-04 05:00:00'),
(104, 20, 'High', 0.75, 82, 5.8, 5100, '2025-11-05 05:00:00'),
(105, 20, 'High', 0.75, 88, 5.4, 4600, '2025-11-06 05:00:00'),
(106, 20, 'Low', 0.75, 80, 6.1, 5400, '2025-11-07 05:00:00'),
(107, 20, 'High', 0.75, 87, 5.5, 4700, '2025-11-08 05:00:00'),
(108, 20, 'High', 0.75, 83, 5.9, 5200, '2025-11-09 05:00:00'),
(109, 20, 'High', 0.75, 89, 5.3, 4500, '2025-11-10 05:00:00'),
(110, 20, 'Low', 0.75, 78, 6.4, 5800, '2025-11-11 05:00:00'),
(111, 20, 'Low', 0.75, 79, 6.3, 5600, '2025-11-12 05:00:00'),
(112, 20, 'Low', 0.75, 81, 6.0, 5300, '2025-11-13 05:00:00'),
(113, 20, 'High', 0.75, 86, 5.2, 4400, '2025-11-14 05:00:00'),
(114, 20, 'Low', 0.75, 77, 6.8, 6200, '2025-11-15 05:00:00'),
(115, 20, 'High', 0.75, 84, 5.7, 4900, '2025-11-16 05:00:00'),
(116, 20, 'High', 0.75, 89, 5.1, 4300, '2025-11-17 05:00:00'),
(117, 20, 'Low', 0.75, 75, 7.2, 6700, '2025-11-18 05:00:00'),
(118, 20, 'Low', 0.75, 82, 6.2, 5500, '2025-11-19 05:00:00'),
(119, 20, 'High', 0.75, 88, 5.4, 4600, '2025-11-20 05:00:00'),
(120, 20, 'Low', 0.75, 80, 6.5, 5900, '2025-11-21 05:00:00'),
(121, 20, 'High', 0.75, 86, 5.6, 4800, '2025-11-22 05:00:00'),
(122, 20, 'Low', 0.75, 73, 7.5, 7100, '2025-11-23 05:00:00'),
(123, 20, 'Low', 0.75, 79, 6.7, 6100, '2025-11-24 05:00:00'),
(124, 20, 'High', 0.75, 85, 5.8, 5000, '2025-11-25 05:00:00'),
(125, 20, 'High', 0.75, 88, 5.3, 4500, '2025-11-26 05:00:00'),
(126, 20, 'Low', 0.75, 77, 7.0, 6500, '2025-11-27 05:00:00'),
(127, 20, 'Low', 0.75, 84, 6.1, 5400, '2025-11-28 05:00:00'),
(128, 20, 'High', 0.75, 89, 5.5, 4700, '2025-11-29 05:00:00'),
(129, 20, 'Low', 0.75, 81, 6.4, 5800, '2025-11-30 05:00:00'),
(130, 20, 'High', 0.75, 86, 5.7, 4900, '2025-12-01 05:00:00'),
(131, 20, 'High', 0.75, 83, 5.9, 5200, '2025-12-02 05:00:00'),
(132, 20, 'Low', 0.75, 80, 6.2, 5500, '2025-12-03 05:00:00'),
(133, 21, 'High', 0.88, 98, 3.9, 2300, '2025-11-04 05:00:00'),
(134, 21, 'High', 0.88, 96, 4.0, 2500, '2025-11-05 05:00:00'),
(135, 21, 'High', 0.88, 99, 3.8, 2100, '2025-11-06 05:00:00'),
(136, 21, 'High', 0.88, 97, 4.2, 2700, '2025-11-07 05:00:00'),
(137, 21, 'High', 0.88, 100, 3.7, 2000, '2025-11-08 05:00:00'),
(138, 21, 'High', 0.88, 95, 4.3, 2900, '2025-11-09 05:00:00'),
(139, 21, 'High', 0.88, 101, 3.6, 1900, '2025-11-10 05:00:00'),
(140, 21, 'High', 0.88, 90, 5.0, 3500, '2025-11-11 05:00:00'),
(141, 21, 'Low', 0.85, 88, 5.3, 3800, '2025-11-12 05:00:00'),
(142, 21, 'Low', 0.85, 85, 5.6, 4200, '2025-11-13 05:00:00'),
(143, 21, 'Low', 0.85, 82, 6.2, 4800, '2025-11-14 05:00:00'),
(144, 21, 'Low', 0.85, 78, 6.8, 5500, '2025-11-15 05:00:00'),
(145, 21, 'Low', 0.85, 76, 7.0, 6000, '2025-11-16 05:00:00'),
(146, 21, 'Low', 0.85, 72, 7.4, 6800, '2025-11-17 05:00:00'),
(147, 21, 'Low', 0.85, 70, 7.8, 7200, '2025-11-18 05:00:00'),
(148, 21, 'Low', 0.85, 68, 8.0, 7800, '2025-11-19 05:00:00'),
(149, 21, 'Low', 0.85, 66, 8.3, 8200, '2025-11-20 05:00:00'),
(150, 21, 'Low', 0.85, 65, 8.5, 8600, '2025-11-21 05:00:00'),
(151, 21, 'Low', 0.85, 67, 8.2, 8000, '2025-11-22 05:00:00'),
(152, 21, 'Low', 0.85, 66, 8.6, 8800, '2025-11-23 05:00:00'),
(153, 21, 'Low', 0.85, 68, 8.0, 7800, '2025-11-24 05:00:00'),
(154, 21, 'Low', 0.85, 69, 7.9, 7600, '2025-11-25 05:00:00'),
(155, 21, 'Low', 0.85, 70, 7.7, 7400, '2025-11-26 05:00:00'),
(156, 21, 'Low', 0.85, 71, 7.6, 7000, '2025-11-27 05:00:00'),
(157, 21, 'Low', 0.85, 72, 7.5, 6800, '2025-11-28 05:00:00'),
(158, 21, 'Low', 0.85, 73, 7.4, 6600, '2025-11-29 05:00:00'),
(159, 21, 'Low', 0.85, 74, 7.3, 6400, '2025-11-30 05:00:00'),
(160, 21, 'Low', 0.85, 75, 7.2, 6200, '2025-12-01 05:00:00'),
(161, 21, 'Low', 0.85, 76, 7.1, 6000, '2025-12-02 05:00:00'),
(162, 21, 'Low', 0.85, 77, 7.0, 5800, '2025-12-03 05:00:00'),
(170, 18, 'High', 0.92, 95, 4.1, 2900, '2025-11-04 05:00:00'),
(171, 18, 'High', 0.92, 93, 4.3, 3100, '2025-11-05 05:00:00'),
(172, 18, 'High', 0.92, 97, 4.0, 2700, '2025-11-06 05:00:00'),
(173, 18, 'High', 0.92, 94, 4.5, 3300, '2025-11-07 05:00:00'),
(174, 18, 'High', 0.92, 96, 4.2, 3000, '2025-11-08 05:00:00'),
(175, 18, 'High', 0.92, 92, 4.6, 3500, '2025-11-09 05:00:00'),
(176, 18, 'High', 0.92, 98, 3.9, 2600, '2025-11-10 05:00:00'),
(177, 18, 'High', 0.92, 94, 4.4, 3200, '2025-11-11 05:00:00'),
(178, 18, 'High', 0.92, 96, 4.1, 2800, '2025-11-12 05:00:00'),
(179, 18, 'High', 0.92, 93, 4.7, 3600, '2025-11-13 05:00:00'),
(180, 18, 'High', 0.92, 97, 3.8, 2400, '2025-11-14 05:00:00'),
(181, 18, 'High', 0.92, 95, 4.3, 3100, '2025-11-15 05:00:00'),
(182, 18, 'High', 0.92, 92, 4.8, 3700, '2025-11-16 05:00:00'),
(183, 18, 'High', 0.92, 99, 3.7, 2200, '2025-11-17 05:00:00'),
(184, 18, 'High', 0.92, 94, 4.5, 3400, '2025-11-18 05:00:00'),
(185, 18, 'High', 0.92, 96, 4.0, 2900, '2025-11-19 05:00:00'),
(186, 18, 'High', 0.92, 91, 4.9, 3800, '2025-11-20 05:00:00'),
(187, 18, 'High', 0.92, 98, 3.6, 2100, '2025-11-21 05:00:00'),
(188, 18, 'High', 0.92, 93, 4.6, 3500, '2025-11-22 05:00:00'),
(189, 18, 'High', 0.92, 97, 3.8, 2300, '2025-11-23 05:00:00'),
(190, 18, 'High', 0.92, 95, 4.2, 3200, '2025-11-24 05:00:00'),
(191, 18, 'High', 0.92, 92, 4.7, 3600, '2025-11-25 05:00:00'),
(192, 18, 'High', 0.92, 96, 4.1, 3000, '2025-11-26 05:00:00'),
(193, 18, 'High', 0.92, 94, 4.4, 3300, '2025-11-27 05:00:00'),
(194, 18, 'High', 0.92, 97, 3.9, 2700, '2025-11-28 05:00:00'),
(195, 18, 'High', 0.92, 93, 4.8, 3700, '2025-11-29 05:00:00'),
(196, 18, 'High', 0.92, 95, 4.3, 3100, '2025-11-30 05:00:00'),
(197, 18, 'High', 0.92, 96, 4.0, 2900, '2025-12-01 05:00:00'),
(198, 18, 'High', 0.92, 94, 4.5, 3400, '2025-12-02 05:00:00'),
(199, 18, 'High', 0.92, 92, 4.6, 3500, '2025-12-03 05:00:00'),
(200, 19, 'Low', 0.95, 65, 7.9, 9400, '2025-11-04 05:00:00'),
(201, 19, 'Low', 0.95, 64, 8.1, 9800, '2025-11-05 05:00:00'),
(202, 19, 'Low', 0.95, 63, 8.3, 10200, '2025-11-06 05:00:00'),
(203, 19, 'Low', 0.95, 66, 7.7, 8900, '2025-11-07 05:00:00'),
(204, 19, 'Low', 0.95, 62, 8.5, 10600, '2025-11-08 05:00:00'),
(205, 19, 'Low', 0.95, 67, 8.0, 9500, '2025-11-09 05:00:00'),
(206, 19, 'Low', 0.95, 64, 8.2, 9900, '2025-11-10 05:00:00'),
(207, 19, 'Low', 0.95, 65, 7.8, 9200, '2025-11-11 05:00:00'),
(208, 19, 'Low', 0.95, 63, 8.4, 10400, '2025-11-12 05:00:00'),
(209, 19, 'Low', 0.95, 66, 7.6, 8800, '2025-11-13 05:00:00'),
(210, 19, 'Low', 0.95, 64, 8.6, 11000, '2025-11-14 05:00:00'),
(211, 19, 'Low', 0.95, 62, 8.7, 11200, '2025-11-15 05:00:00'),
(212, 19, 'Low', 0.95, 68, 7.5, 8600, '2025-11-16 05:00:00'),
(213, 19, 'Low', 0.95, 65, 7.9, 9300, '2025-11-17 05:00:00'),
(214, 19, 'Low', 0.95, 63, 8.5, 10500, '2025-11-18 05:00:00'),
(215, 19, 'Low', 0.95, 67, 7.4, 8400, '2025-11-19 05:00:00'),
(216, 19, 'Low', 0.95, 64, 8.8, 11400, '2025-11-20 05:00:00'),
(217, 19, 'Low', 0.95, 66, 7.3, 8200, '2025-11-21 05:00:00'),
(218, 19, 'Low', 0.95, 62, 8.9, 11600, '2025-11-22 05:00:00'),
(219, 19, 'Low', 0.95, 68, 7.2, 8000, '2025-11-23 05:00:00'),
(220, 19, 'Low', 0.95, 65, 8.1, 9700, '2025-11-24 05:00:00'),
(221, 19, 'Low', 0.95, 63, 8.4, 10400, '2025-11-25 05:00:00'),
(222, 19, 'Low', 0.95, 67, 7.7, 9000, '2025-11-26 05:00:00'),
(223, 19, 'Low', 0.95, 64, 8.2, 10000, '2025-11-27 05:00:00'),
(224, 19, 'Low', 0.95, 66, 7.8, 9100, '2025-11-28 05:00:00'),
(225, 19, 'Low', 0.95, 62, 8.6, 10800, '2025-11-29 05:00:00'),
(226, 19, 'Low', 0.95, 68, 7.5, 8500, '2025-11-30 05:00:00'),
(227, 19, 'Low', 0.95, 65, 8.0, 9600, '2025-12-01 05:00:00'),
(228, 19, 'Low', 0.95, 63, 8.3, 10300, '2025-12-02 05:00:00'),
(229, 19, 'Low', 0.95, 67, 7.9, 9400, '2025-12-03 05:00:00'),
(230, 20, 'High', 0.75, 85, 5.6, 4800, '2025-11-04 05:00:00'),
(231, 20, 'High', 0.75, 82, 5.8, 5100, '2025-11-05 05:00:00'),
(232, 20, 'High', 0.75, 88, 5.4, 4600, '2025-11-06 05:00:00'),
(233, 20, 'Low', 0.75, 80, 6.1, 5400, '2025-11-07 05:00:00'),
(234, 20, 'High', 0.75, 87, 5.5, 4700, '2025-11-08 05:00:00'),
(235, 20, 'High', 0.75, 83, 5.9, 5200, '2025-11-09 05:00:00'),
(236, 20, 'High', 0.75, 89, 5.3, 4500, '2025-11-10 05:00:00'),
(237, 20, 'Low', 0.75, 78, 6.4, 5800, '2025-11-11 05:00:00'),
(238, 20, 'Low', 0.75, 79, 6.3, 5600, '2025-11-12 05:00:00'),
(239, 20, 'Low', 0.75, 81, 6.0, 5300, '2025-11-13 05:00:00'),
(240, 20, 'High', 0.75, 86, 5.2, 4400, '2025-11-14 05:00:00'),
(241, 20, 'Low', 0.75, 77, 6.8, 6200, '2025-11-15 05:00:00'),
(242, 20, 'High', 0.75, 84, 5.7, 4900, '2025-11-16 05:00:00'),
(243, 20, 'High', 0.75, 89, 5.1, 4300, '2025-11-17 05:00:00'),
(244, 20, 'Low', 0.75, 75, 7.2, 6700, '2025-11-18 05:00:00'),
(245, 20, 'Low', 0.75, 82, 6.2, 5500, '2025-11-19 05:00:00'),
(246, 20, 'High', 0.75, 88, 5.4, 4600, '2025-11-20 05:00:00'),
(247, 20, 'Low', 0.75, 80, 6.5, 5900, '2025-11-21 05:00:00'),
(248, 20, 'High', 0.75, 86, 5.6, 4800, '2025-11-22 05:00:00'),
(249, 20, 'Low', 0.75, 73, 7.5, 7100, '2025-11-23 05:00:00'),
(250, 20, 'Low', 0.75, 79, 6.7, 6100, '2025-11-24 05:00:00'),
(251, 20, 'High', 0.75, 85, 5.8, 5000, '2025-11-25 05:00:00'),
(252, 20, 'High', 0.75, 88, 5.3, 4500, '2025-11-26 05:00:00'),
(253, 20, 'Low', 0.75, 77, 7.0, 6500, '2025-11-27 05:00:00'),
(254, 20, 'Low', 0.75, 84, 6.1, 5400, '2025-11-28 05:00:00'),
(255, 20, 'High', 0.75, 89, 5.5, 4700, '2025-11-29 05:00:00'),
(256, 20, 'Low', 0.75, 81, 6.4, 5800, '2025-11-30 05:00:00'),
(257, 20, 'High', 0.75, 86, 5.7, 4900, '2025-12-01 05:00:00'),
(258, 20, 'High', 0.75, 83, 5.9, 5200, '2025-12-02 05:00:00'),
(259, 20, 'Low', 0.75, 80, 6.2, 5500, '2025-12-03 05:00:00'),
(260, 21, 'High', 0.88, 98, 3.9, 2300, '2025-11-04 05:00:00'),
(261, 21, 'High', 0.88, 96, 4.0, 2500, '2025-11-05 05:00:00'),
(262, 21, 'High', 0.88, 99, 3.8, 2100, '2025-11-06 05:00:00'),
(263, 21, 'High', 0.88, 97, 4.2, 2700, '2025-11-07 05:00:00'),
(264, 21, 'High', 0.88, 100, 3.7, 2000, '2025-11-08 05:00:00'),
(265, 21, 'High', 0.88, 95, 4.3, 2900, '2025-11-09 05:00:00'),
(266, 21, 'High', 0.88, 101, 3.6, 1900, '2025-11-10 05:00:00'),
(267, 21, 'High', 0.88, 90, 5.0, 3500, '2025-11-11 05:00:00'),
(268, 21, 'Low', 0.85, 88, 5.3, 3800, '2025-11-12 05:00:00'),
(269, 21, 'Low', 0.85, 85, 5.6, 4200, '2025-11-13 05:00:00'),
(270, 21, 'Low', 0.85, 82, 6.2, 4800, '2025-11-14 05:00:00'),
(271, 21, 'Low', 0.85, 78, 6.8, 5500, '2025-11-15 05:00:00'),
(272, 21, 'Low', 0.85, 76, 7.0, 6000, '2025-11-16 05:00:00'),
(273, 21, 'Low', 0.85, 72, 7.4, 6800, '2025-11-17 05:00:00'),
(274, 21, 'Low', 0.85, 70, 7.8, 7200, '2025-11-18 05:00:00'),
(275, 21, 'Low', 0.85, 68, 8.0, 7800, '2025-11-19 05:00:00'),
(276, 21, 'Low', 0.85, 66, 8.3, 8200, '2025-11-20 05:00:00'),
(277, 21, 'Low', 0.85, 65, 8.5, 8600, '2025-11-21 05:00:00'),
(278, 21, 'Low', 0.85, 67, 8.2, 8000, '2025-11-22 05:00:00'),
(279, 21, 'Low', 0.85, 66, 8.6, 8800, '2025-11-23 05:00:00'),
(280, 21, 'Low', 0.85, 68, 8.0, 7800, '2025-11-24 05:00:00'),
(281, 21, 'Low', 0.85, 69, 7.9, 7600, '2025-11-25 05:00:00'),
(282, 21, 'Low', 0.85, 70, 7.7, 7400, '2025-11-26 05:00:00'),
(283, 21, 'Low', 0.85, 71, 7.6, 7000, '2025-11-27 05:00:00'),
(284, 21, 'Low', 0.85, 72, 7.5, 6800, '2025-11-28 05:00:00'),
(285, 21, 'Low', 0.85, 73, 7.4, 6600, '2025-11-29 05:00:00'),
(286, 21, 'Low', 0.85, 74, 7.3, 6400, '2025-11-30 05:00:00'),
(287, 21, 'Low', 0.85, 75, 7.2, 6200, '2025-12-01 05:00:00'),
(288, 21, 'Low', 0.85, 76, 7.1, 6000, '2025-12-02 05:00:00'),
(289, 21, 'Low', 0.85, 77, 7.0, 5800, '2025-12-03 05:00:00');

-- --------------------------------------------------------

--
-- Table structure for table `users`
--

CREATE TABLE `users` (
  `id` int NOT NULL,
  `name` varchar(100) NOT NULL,
  `username` varchar(80) NOT NULL,
  `email` varchar(120) NOT NULL,
  `password_hash` varchar(128) NOT NULL,
  `created_at` datetime DEFAULT CURRENT_TIMESTAMP
) ENGINE=InnoDB DEFAULT CHARSET=utf8mb4 COLLATE=utf8mb4_0900_ai_ci;

--
-- Dumping data for table `users`
--

INSERT INTO `users` (`id`, `name`, `username`, `email`, `password_hash`, `created_at`) VALUES
(16, 'Tina', 'tabdalla12', 'testing@testing.edu', '63764aea8021f750ff2ab75bdb2f59da4a52db32e1a190f9f98f7eb12435fbc0', '2025-11-30 02:25:43'),
(18, 'Sarah High-Stress', 'sarahdemo', 'sarah.hstress@demo.com', 'd3ad9315b7be5dd53b31a273b3b3aba5defe700808305aa16a3062b76658a791', '2025-12-03 21:02:51'),
(19, 'Mike Low-Stress', 'mikedemo', 'mike.lstress@demo.com', 'd3ad9315b7be5dd53b31a273b3b3aba5defe700808305aa16a3062b76658a791', '2025-12-03 21:02:51'),
(20, 'Emily Variable', 'emilydemo', 'emily.variable@demo.com', 'd3ad9315b7be5dd53b31a273b3b3aba5defe700808305aa16a3062b76658a791', '2025-12-03 21:02:51'),
(21, 'Alex Recovery', 'alexdemo', 'alex.recovery@demo.com', 'd3ad9315b7be5dd53b31a273b3b3aba5defe700808305aa16a3062b76658a791', '2025-12-03 21:02:51');

-- --------------------------------------------------------

--
-- Table structure for table `user_sessions`
--

CREATE TABLE `user_sessions` (
  `id` int NOT NULL,
  `user_id` int NOT NULL,
  `session_token` varchar(255) NOT NULL,
  `expires_at` timestamp NOT NULL,
  `created_at` timestamp NULL DEFAULT CURRENT_TIMESTAMP
) ENGINE=InnoDB DEFAULT CHARSET=utf8mb3;

--
-- Dumping data for table `user_sessions`
--

INSERT INTO `user_sessions` (`id`, `user_id`, `session_token`, `expires_at`, `created_at`) VALUES
(50, 16, '22e7c3e7-5a81-47ed-a978-f5bbf2c5d99b', '2025-12-07 07:25:43', '2025-11-30 07:25:43'),
(51, 16, 'fb39444a-de2b-44ac-9b72-f20876f1e607', '2025-12-09 08:09:41', '2025-12-02 08:09:41'),
(53, 16, '3b04dbe3-e4fc-423d-b44f-1451e28669bb', '2025-12-09 09:34:00', '2025-12-02 09:34:00'),
(54, 16, '8c3fb5d5-a413-4905-9f73-73f6e5c51c14', '2025-12-09 09:39:13', '2025-12-02 09:39:13'),
(55, 16, '1363c275-9634-4f59-bf25-8422a00d6802', '2025-12-09 22:57:35', '2025-12-02 22:57:35'),
(56, 16, '73970a43-cdb5-4f51-a288-415a35d71245', '2025-12-09 23:10:22', '2025-12-02 23:10:22'),
(57, 16, '07cc3581-9aec-4c1f-9e98-85a5e655c30f', '2025-12-09 23:11:29', '2025-12-02 23:11:29'),
(58, 16, 'd72a5dc0-9125-4344-833c-3c9c11d539a7', '2025-12-10 05:03:17', '2025-12-03 05:03:17'),
(59, 16, '0477ed44-3de8-44f7-a077-51243e6dae07', '2025-12-10 05:09:16', '2025-12-03 05:09:16'),
(60, 16, '0705a4f3-ab80-493f-871c-965dc00cf773', '2025-12-10 05:12:45', '2025-12-03 05:12:45'),
(61, 16, '563fe86f-cb7d-4a55-be94-6ca91d34c1e4', '2025-12-10 05:25:02', '2025-12-03 05:25:02'),
(62, 16, '518dcb09-5e40-47bc-b144-a06e8d556911', '2025-12-10 05:32:18', '2025-12-03 05:32:18'),
(63, 16, 'b6b51aa0-2943-4570-aae0-5370b0a4459c', '2025-12-10 06:02:27', '2025-12-03 06:02:27'),
(64, 16, '0f1842c1-e367-42ff-8130-e73e709085db', '2025-12-10 06:14:30', '2025-12-03 06:14:30'),
(65, 16, 'e7b7a071-54a7-4748-a681-79ecb508dcdb', '2025-12-10 06:20:01', '2025-12-03 06:20:01'),
(66, 16, 'a1cf22cf-42b4-49b6-85ea-43d978a91901', '2025-12-10 06:22:59', '2025-12-03 06:22:59'),
(67, 16, '27969892-8d5b-4c1a-b40c-b42101d1d213', '2025-12-10 07:13:09', '2025-12-03 07:13:09'),
(68, 16, 'cd285476-85ba-4513-a076-a176d3a1a061', '2025-12-10 08:48:06', '2025-12-03 08:48:06'),
(70, 16, 'c7e28a59-8045-46b6-b06a-47191b2df3da', '2025-12-10 23:42:14', '2025-12-03 23:42:14'),
(74, 18, 'demo_session_09241a16-d0b7-11f0-935e-aa859b7b9578', '2025-12-11 02:14:59', '2025-12-04 02:14:59'),
(75, 19, 'demo_session_09241d36-d0b7-11f0-935e-aa859b7b9578', '2025-12-11 02:14:59', '2025-12-04 02:14:59'),
(76, 20, 'demo_session_09241e08-d0b7-11f0-935e-aa859b7b9578', '2025-12-11 02:14:59', '2025-12-04 02:14:59'),
(77, 21, 'demo_session_09241e9e-d0b7-11f0-935e-aa859b7b9578', '2025-12-11 02:14:59', '2025-12-04 02:14:59');

--
-- Indexes for dumped tables
--

--
-- Indexes for table `fitbit_auth_sessions`
--
ALTER TABLE `fitbit_auth_sessions`
  ADD PRIMARY KEY (`id`),
  ADD UNIQUE KEY `state_token` (`state_token`),
  ADD KEY `ix_fitbit_auth_sessions_id` (`id`);

--
-- Indexes for table `fitbit_connections`
--
ALTER TABLE `fitbit_connections`
  ADD PRIMARY KEY (`id`),
  ADD UNIQUE KEY `user_id` (`user_id`),
  ADD UNIQUE KEY `fitbit_user_id` (`fitbit_user_id`);

--
-- Indexes for table `fitbit_data`
--
ALTER TABLE `fitbit_data`
  ADD PRIMARY KEY (`id`),
  ADD UNIQUE KEY `user_date` (`user_id`,`data_date`);

--
-- Indexes for table `mood_entries`
--
ALTER TABLE `mood_entries`
  ADD PRIMARY KEY (`id`),
  ADD KEY `user_id` (`user_id`),
  ADD KEY `entry_date` (`entry_date`);

--
-- Indexes for table `stress_predictions`
--
ALTER TABLE `stress_predictions`
  ADD PRIMARY KEY (`id`),
  ADD KEY `user_id` (`user_id`),
  ADD KEY `created_at` (`created_at`);

--
-- Indexes for table `users`
--
ALTER TABLE `users`
  ADD PRIMARY KEY (`id`),
  ADD UNIQUE KEY `username` (`username`),
  ADD UNIQUE KEY `email` (`email`);

--
-- Indexes for table `user_sessions`
--
ALTER TABLE `user_sessions`
  ADD PRIMARY KEY (`id`),
  ADD UNIQUE KEY `session_token` (`session_token`),
  ADD KEY `user_id` (`user_id`),
  ADD KEY `expires_at` (`expires_at`);

--
-- AUTO_INCREMENT for dumped tables
--

--
-- AUTO_INCREMENT for table `fitbit_auth_sessions`
--
ALTER TABLE `fitbit_auth_sessions`
  MODIFY `id` int NOT NULL AUTO_INCREMENT, AUTO_INCREMENT=22;

--
-- AUTO_INCREMENT for table `fitbit_connections`
--
ALTER TABLE `fitbit_connections`
  MODIFY `id` int NOT NULL AUTO_INCREMENT, AUTO_INCREMENT=25;

--
-- AUTO_INCREMENT for table `fitbit_data`
--
ALTER TABLE `fitbit_data`
  MODIFY `id` int NOT NULL AUTO_INCREMENT, AUTO_INCREMENT=463;

--
-- AUTO_INCREMENT for table `mood_entries`
--
ALTER TABLE `mood_entries`
  MODIFY `id` int NOT NULL AUTO_INCREMENT;

--
-- AUTO_INCREMENT for table `stress_predictions`
--
ALTER TABLE `stress_predictions`
  MODIFY `id` int NOT NULL AUTO_INCREMENT, AUTO_INCREMENT=297;

--
-- AUTO_INCREMENT for table `users`
--
ALTER TABLE `users`
  MODIFY `id` int NOT NULL AUTO_INCREMENT, AUTO_INCREMENT=23;

--
-- AUTO_INCREMENT for table `user_sessions`
--
ALTER TABLE `user_sessions`
  MODIFY `id` int NOT NULL AUTO_INCREMENT, AUTO_INCREMENT=78;

--
-- Constraints for dumped tables
--

--
-- Constraints for table `fitbit_connections`
--
ALTER TABLE `fitbit_connections`
  ADD CONSTRAINT `fitbit_connections_ibfk_1` FOREIGN KEY (`user_id`) REFERENCES `users` (`id`) ON DELETE CASCADE;

--
-- Constraints for table `fitbit_data`
--
ALTER TABLE `fitbit_data`
  ADD CONSTRAINT `fitbit_data_ibfk_1` FOREIGN KEY (`user_id`) REFERENCES `users` (`id`) ON DELETE CASCADE;

--
-- Constraints for table `mood_entries`
--
ALTER TABLE `mood_entries`
  ADD CONSTRAINT `mood_entries_ibfk_1` FOREIGN KEY (`user_id`) REFERENCES `users` (`id`) ON DELETE CASCADE;

--
-- Constraints for table `stress_predictions`
--
ALTER TABLE `stress_predictions`
  ADD CONSTRAINT `stress_predictions_ibfk_1` FOREIGN KEY (`user_id`) REFERENCES `users` (`id`) ON DELETE CASCADE;

--
-- Constraints for table `user_sessions`
--
ALTER TABLE `user_sessions`
  ADD CONSTRAINT `user_sessions_ibfk_1` FOREIGN KEY (`user_id`) REFERENCES `users` (`id`) ON DELETE CASCADE;
COMMIT;

/*!40101 SET CHARACTER_SET_CLIENT=@OLD_CHARACTER_SET_CLIENT */;
/*!40101 SET CHARACTER_SET_RESULTS=@OLD_CHARACTER_SET_RESULTS */;
/*!40101 SET COLLATION_CONNECTION=@OLD_COLLATION_CONNECTION */;
